TIME,INDEX_NAME,COLUMN_NAME,RETRIEVER_TYPE,COUNT_QUERY_RUN,TOPK_RETRIEVER,TOPK_RANKER,COUNT_QUERY_WITHOUT_RESULT,COUNT_QUERY_NOT_FOUND,RANK1_MEAN,NDCG@5_MEAN,NDCG@10_MEAN,NDCG@15_MEAN,NDCG@20_MEAN,PRECISION@50_MEAN,PRECISION@100_MEAN,RECALL@50_MEAN,RECALL@100_MEAN,TIME_SPENT_MEAN,RETRIEVER_MODEL_NAME,RANKER_TYPE,EXPANSOR_CRITERIA
2023-Jun-28 11:14:34,indir_juris_tcu,1,bm25,150,300,0,0,0,2.873,56.202,52.261,54.66,57.599,12.627,6.973,74.063,81.196,0.12,,none,
2023-Jun-28 11:14:53,indir_juris_tcu,10,bm25,150,300,0,0,0,6.427,48.434,45.663,48.025,50.368,11.067,6.473,66.205,76.139,0.123,,none,
2023-Jun-28 11:15:12,indir_juris_tcu,2,bm25,150,300,0,0,0,3.907,56.274,52.205,54.46,56.592,12.147,6.84,71.632,79.864,0.121,,none,
2023-Jun-28 11:15:30,indir_juris_tcu,3,bm25,150,300,0,0,0,3.62,54.357,50.502,52.255,54.836,11.867,6.84,70.16,80.144,0.12,,none,
2023-Jun-28 11:15:48,indir_juris_tcu,4,bm25,150,300,0,0,0,3.96,54.226,50.383,52.372,54.614,11.64,6.68,69.142,78.193,0.121,,none,
2023-Jun-28 11:16:07,indir_juris_tcu,5,bm25,150,300,0,0,0,5.0,52.515,48.485,50.803,53.095,11.387,6.66,67.625,78.304,0.122,,none,
2023-Jun-28 11:16:26,indir_juris_tcu,6,bm25,150,300,0,0,0,5.74,51.222,47.231,49.235,51.636,11.187,6.567,66.637,77.282,0.122,,none,
2023-Jun-28 11:16:44,indir_juris_tcu,7,bm25,150,300,0,0,0,5.36,50.741,47.334,49.312,51.636,11.067,6.487,66.13,76.326,0.122,,none,
2023-Jun-28 11:17:03,indir_juris_tcu,8,bm25,150,300,0,0,0,6.267,49.353,46.664,48.968,51.228,11.213,6.473,66.951,76.177,0.122,,none,
2023-Jun-28 11:17:22,indir_juris_tcu,9,bm25,150,300,0,0,0,6.56,48.675,45.926,48.31,50.65,11.067,6.453,66.187,75.966,0.122,,none,
2023-Jun-28 11:17:40,indir_juris_tcu,TEXT,bm25,150,300,0,0,0,2.853,59.411,55.158,58.502,61.256,12.92,7.127,75.593,82.94,0.118,,none,
2023-Jun-28 11:18:49,indir_juris_tcu,1,bm25,150,300,0,0,0,5.067,46.252,43.285,45.699,48.549,12.053,6.933,69.936,80.496,0.457,,MINILM_INDIR_400,
2023-Jun-28 11:20:07,indir_juris_tcu,10,bm25,150,300,0,0,0,5.08,51.33,48.085,50.832,52.832,12.333,6.833,72.25,80.045,0.519,,MINILM_INDIR_400,
2023-Jun-28 11:21:17,indir_juris_tcu,2,bm25,150,300,0,0,0,4.233,47.199,44.072,46.498,49.219,12.173,6.853,70.394,79.416,0.463,,MINILM_INDIR_400,
2023-Jun-28 11:22:28,indir_juris_tcu,3,bm25,150,300,0,0,0,5.44,45.809,43.273,45.856,48.29,11.853,6.833,68.6,79.289,0.474,,MINILM_INDIR_400,
2023-Jun-28 11:23:42,indir_juris_tcu,4,bm25,150,300,0,0,0,4.813,48.607,45.789,48.699,50.656,12.107,6.927,70.815,80.431,0.489,,MINILM_INDIR_400,
2023-Jun-28 11:24:57,indir_juris_tcu,5,bm25,150,300,0,0,0,4.393,50.004,46.48,49.128,51.493,12.307,6.9,71.476,80.388,0.496,,MINILM_INDIR_400,
2023-Jun-28 11:26:13,indir_juris_tcu,6,bm25,150,300,0,0,0,4.427,48.483,46.428,49.053,51.613,12.347,6.887,71.809,80.357,0.501,,MINILM_INDIR_400,
2023-Jun-28 11:27:30,indir_juris_tcu,7,bm25,150,300,0,0,0,4.56,49.601,46.851,49.648,51.873,12.48,6.907,72.975,80.495,0.511,,MINILM_INDIR_400,
2023-Jun-28 11:28:48,indir_juris_tcu,8,bm25,150,300,0,0,0,5.307,51.474,48.147,50.724,53.044,12.44,6.853,72.823,79.651,0.52,,MINILM_INDIR_400,
2023-Jun-28 11:30:07,indir_juris_tcu,9,bm25,150,300,0,0,0,5.047,50.9,47.719,50.291,52.485,12.333,6.827,72.26,79.966,0.521,,MINILM_INDIR_400,
2023-Jun-28 11:31:16,indir_juris_tcu,TEXT,bm25,150,300,0,0,0,3.513,46.229,43.832,47.097,49.708,12.333,7.16,71.723,83.146,0.456,,MINILM_INDIR_400,
2023-Jun-28 11:32:23,indir_juris_tcu,1,sts,150,300,0,0,8,4.472,41.488,37.75,39.477,41.11,8.707,4.9,51.476,57.909,0.441,,MINILM_INDIR_400,
2023-Jun-28 11:33:45,indir_juris_tcu,10,sts,150,300,0,0,9,4.553,46.636,42.5,44.393,46.26,9.213,4.987,55.609,59.48,0.543,,MINILM_INDIR_400,
2023-Jun-28 11:34:54,indir_juris_tcu,2,sts,150,300,0,0,10,4.25,42.983,38.722,40.325,42.177,8.853,4.893,52.484,57.729,0.459,,MINILM_INDIR_400,
2023-Jun-28 11:36:06,indir_juris_tcu,3,sts,150,300,0,0,9,5.277,43.305,39.173,40.786,42.201,8.613,4.74,51.638,56.22,0.479,,MINILM_INDIR_400,
2023-Jun-28 11:37:21,indir_juris_tcu,4,sts,150,300,0,0,7,4.517,44.831,40.596,42.273,43.587,8.947,4.947,53.266,58.488,0.493,,MINILM_INDIR_400,
2023-Jun-28 11:38:37,indir_juris_tcu,5,sts,150,300,0,0,10,4.2,45.871,41.044,42.54,44.449,9.173,4.993,54.073,58.341,0.504,,MINILM_INDIR_400,
2023-Jun-28 11:39:55,indir_juris_tcu,6,sts,150,300,0,0,10,3.636,46.137,42.226,43.847,45.575,9.307,4.987,55.127,58.709,0.515,,MINILM_INDIR_400,
2023-Jun-28 11:41:14,indir_juris_tcu,7,sts,150,300,0,0,9,3.454,47.866,43.45,45.346,46.822,9.36,5.087,55.575,59.768,0.528,,MINILM_INDIR_400,
2023-Jun-28 11:42:35,indir_juris_tcu,8,sts,150,300,0,0,7,4.301,47.611,43.632,45.075,47.013,9.467,5.107,56.887,60.71,0.534,,MINILM_INDIR_400,
2023-Jun-28 11:43:57,indir_juris_tcu,9,sts,150,300,0,0,9,4.411,47.131,42.899,44.68,46.632,9.44,5.093,56.729,60.53,0.542,,MINILM_INDIR_400,
2023-Jun-28 11:45:01,indir_juris_tcu,TEXT,sts,150,300,0,0,4,3.562,43.275,40.034,41.465,43.489,9.2,5.113,54.053,60.202,0.427,,MINILM_INDIR_400,
2023-Jun-28 11:45:20,indir_juris_tcu_term,1,bm25,150,300,0,0,0,2.627,56.884,53.318,56.183,59.084,13.333,7.307,78.113,85.186,0.12,,none,
2023-Jun-28 11:45:39,indir_juris_tcu_term,10,bm25,150,300,0,0,0,5.713,49.144,45.793,48.498,51.198,11.68,6.773,69.493,79.642,0.122,,none,
2023-Jun-28 11:45:57,indir_juris_tcu_term,2,bm25,150,300,0,0,0,3.32,54.906,51.835,54.4,57.644,13.013,7.287,76.745,84.906,0.12,,none,
2023-Jun-28 11:46:16,indir_juris_tcu_term,3,bm25,150,300,0,0,0,3.727,53.81,50.53,53.632,56.395,12.64,7.267,74.732,84.933,0.121,,none,
2023-Jun-28 11:46:35,indir_juris_tcu_term,4,bm25,150,300,0,0,0,4.367,53.886,50.681,53.298,55.533,12.267,7.16,72.888,83.982,0.121,,none,
2023-Jun-28 11:46:54,indir_juris_tcu_term,5,bm25,150,300,0,0,0,5.427,51.561,48.703,51.039,54.063,12.053,7.0,71.625,82.261,0.122,,none,
2023-Jun-28 11:47:13,indir_juris_tcu_term,6,bm25,150,300,0,0,0,5.707,51.072,47.216,50.038,52.932,11.76,6.96,69.889,81.94,0.123,,none,
2023-Jun-28 11:47:32,indir_juris_tcu_term,7,bm25,150,300,0,0,0,5.673,49.76,46.712,49.655,52.397,11.653,6.853,69.337,80.713,0.122,,none,
2023-Jun-28 11:47:51,indir_juris_tcu_term,8,bm25,150,300,0,0,0,5.827,49.741,46.248,49.367,52.055,11.6,6.793,69.07,80.101,0.123,,none,
2023-Jun-28 11:48:10,indir_juris_tcu_term,9,bm25,150,300,0,0,0,5.973,49.215,45.793,48.551,51.136,11.6,6.767,69.114,79.836,0.123,,none,
2023-Jun-28 11:48:28,indir_juris_tcu_term,TEXT,bm25,150,300,0,0,0,2.58,59.011,55.707,58.925,61.785,13.533,7.373,79.387,85.738,0.119,,none,
2023-Jun-28 11:49:43,indir_juris_tcu_term,1,bm25,150,300,0,0,0,3.447,51.293,48.103,50.898,53.303,12.88,7.293,73.832,84.635,0.493,,MINILM_INDIR_400,
2023-Jun-28 11:51:03,indir_juris_tcu_term,10,bm25,150,300,0,0,0,4.347,52.196,48.941,51.672,53.839,12.627,7.127,74.126,83.258,0.53,,MINILM_INDIR_400,
2023-Jun-28 11:52:18,indir_juris_tcu_term,2,bm25,150,300,0,0,0,3.34,52.599,49.07,51.631,54.486,13.013,7.36,75.207,85.084,0.499,,MINILM_INDIR_400,
2023-Jun-28 11:53:34,indir_juris_tcu_term,3,bm25,150,300,0,0,0,4.747,52.241,49.144,51.996,54.039,12.627,7.307,73.903,84.914,0.499,,MINILM_INDIR_400,
2023-Jun-28 11:54:51,indir_juris_tcu_term,4,bm25,150,300,0,0,0,4.027,53.356,50.296,52.864,55.224,12.813,7.307,74.701,84.782,0.507,,MINILM_INDIR_400,
2023-Jun-28 11:56:09,indir_juris_tcu_term,5,bm25,150,300,0,0,0,3.893,52.83,49.45,52.34,54.815,12.88,7.307,75.692,84.806,0.516,,MINILM_INDIR_400,
2023-Jun-28 11:57:28,indir_juris_tcu_term,6,bm25,150,300,0,0,0,3.753,53.612,49.656,52.145,54.83,12.973,7.32,76.287,85.394,0.522,,MINILM_INDIR_400,
2023-Jun-28 11:58:47,indir_juris_tcu_term,7,bm25,150,300,0,0,0,4.28,52.387,48.87,51.715,53.897,12.813,7.26,74.834,84.626,0.527,,MINILM_INDIR_400,
2023-Jun-28 12:00:08,indir_juris_tcu_term,8,bm25,150,300,0,0,0,4.433,52.682,49.088,51.88,53.997,12.76,7.153,74.812,83.53,0.531,,MINILM_INDIR_400,
2023-Jun-28 12:01:28,indir_juris_tcu_term,9,bm25,150,300,0,0,0,4.427,52.173,48.871,51.785,53.858,12.667,7.147,74.304,83.443,0.532,,MINILM_INDIR_400,
2023-Jun-28 12:02:44,indir_juris_tcu_term,TEXT,bm25,150,300,0,0,0,2.987,51.656,49.246,51.426,54.309,13.213,7.407,76.212,85.774,0.499,,MINILM_INDIR_400,
2023-Jun-28 12:03:56,indir_juris_tcu_term,1,sts,150,300,0,0,5,3.848,49.161,44.933,47.198,49.294,10.293,5.613,60.573,65.643,0.48,,MINILM_INDIR_400,
2023-Jun-28 12:05:22,indir_juris_tcu_term,10,sts,150,300,0,0,5,4.517,51.348,46.633,48.661,50.276,10.24,5.513,60.403,64.799,0.566,,MINILM_INDIR_400,
2023-Jun-28 12:06:38,indir_juris_tcu_term,2,sts,150,300,0,0,7,2.545,51.335,46.246,48.345,50.486,10.467,5.607,61.217,65.37,0.501,,MINILM_INDIR_400,
2023-Jun-28 12:07:55,indir_juris_tcu_term,3,sts,150,300,0,0,6,3.514,50.819,46.494,48.504,50.515,10.293,5.573,60.875,65.604,0.512,,MINILM_INDIR_400,
2023-Jun-28 12:09:14,indir_juris_tcu_term,4,sts,150,300,0,0,5,3.131,52.28,47.395,49.2,51.368,10.373,5.633,61.238,66.185,0.52,,MINILM_INDIR_400,
2023-Jun-28 12:10:34,indir_juris_tcu_term,5,sts,150,300,0,0,5,3.248,51.224,46.279,48.301,50.367,10.4,5.573,61.426,65.722,0.525,,MINILM_INDIR_400,
2023-Jun-28 12:11:55,indir_juris_tcu_term,6,sts,150,300,0,0,5,4.055,51.622,46.392,48.411,50.771,10.467,5.613,61.862,66.288,0.536,,MINILM_INDIR_400,
2023-Jun-28 12:13:18,indir_juris_tcu_term,7,sts,150,300,0,0,5,3.779,52.008,47.199,49.01,51.023,10.413,5.693,61.367,66.689,0.549,,MINILM_INDIR_400,
2023-Jun-28 12:14:42,indir_juris_tcu_term,8,sts,150,300,0,0,5,4.372,52.282,47.056,49.139,51.031,10.4,5.613,61.307,65.832,0.556,,MINILM_INDIR_400,
2023-Jun-28 12:16:07,indir_juris_tcu_term,9,sts,150,300,0,0,5,4.641,51.032,46.392,48.323,50.077,10.307,5.567,60.716,65.317,0.562,,MINILM_INDIR_400,
2023-Jun-28 12:17:19,indir_juris_tcu_term,TEXT,sts,150,300,0,0,2,4.277,49.559,45.35,47.768,50.23,10.6,5.7,61.894,66.959,0.475,,MINILM_INDIR_400,
2023-Jun-28 12:17:38,indir_juris_tcu_synonym,1,bm25,150,300,0,0,0,3.707,54.748,52.149,54.626,57.22,12.907,7.16,75.615,83.211,0.12,,none,
2023-Jun-28 12:17:57,indir_juris_tcu_synonym,10,bm25,150,300,0,0,1,8.423,44.343,41.86,44.937,47.458,11.147,6.413,66.198,75.928,0.123,,none,
2023-Jun-28 12:18:16,indir_juris_tcu_synonym,2,bm25,150,300,0,0,0,4.793,52.719,49.361,52.418,54.659,12.453,6.987,73.765,81.819,0.121,,none,
2023-Jun-28 12:18:35,indir_juris_tcu_synonym,3,bm25,150,300,0,0,0,5.9,50.788,47.459,50.118,52.545,12.013,6.807,70.976,79.748,0.121,,none,
2023-Jun-28 12:18:54,indir_juris_tcu_synonym,4,bm25,150,300,0,0,0,7.0,48.901,45.723,48.853,51.187,11.707,6.693,69.397,78.868,0.122,,none,
2023-Jun-28 12:19:14,indir_juris_tcu_synonym,5,bm25,150,300,0,0,0,7.96,47.584,44.69,47.444,49.77,11.533,6.567,68.485,77.617,0.122,,none,
2023-Jun-28 12:19:33,indir_juris_tcu_synonym,6,bm25,150,300,0,0,0,8.907,46.345,43.379,46.572,48.989,11.347,6.493,67.392,76.807,0.122,,none,
2023-Jun-28 12:19:52,indir_juris_tcu_synonym,7,bm25,150,300,0,0,0,9.247,46.068,43.126,45.799,48.4,11.413,6.427,67.989,75.966,0.123,,none,
2023-Jun-28 12:20:11,indir_juris_tcu_synonym,8,bm25,150,300,0,0,1,9.262,45.438,42.639,45.819,48.276,11.213,6.453,66.746,76.441,0.122,,none,
2023-Jun-28 12:20:30,indir_juris_tcu_synonym,9,bm25,150,300,0,0,1,8.765,44.505,41.902,45.121,47.53,11.16,6.42,66.375,76.095,0.123,,none,
2023-Jun-28 12:20:49,indir_juris_tcu_synonym,TEXT,bm25,150,300,0,0,0,2.647,58.332,55.239,57.717,60.345,13.533,7.373,79.136,85.823,0.12,,none,
2023-Jun-28 12:22:25,indir_juris_tcu_synonym,1,bm25,150,300,0,0,0,10.733,36.336,33.595,35.848,38.392,10.133,6.373,58.745,73.201,0.632,,MINILM_INDIR_400,
2023-Jun-28 12:24:07,indir_juris_tcu_synonym,10,bm25,150,300,0,0,1,10.168,39.758,37.451,40.107,42.606,10.507,6.187,62.174,72.298,0.678,,MINILM_INDIR_400,
2023-Jun-28 12:25:45,indir_juris_tcu_synonym,2,bm25,150,300,0,0,0,10.407,39.252,35.805,38.126,40.776,10.347,6.467,59.906,74.719,0.647,,MINILM_INDIR_400,
2023-Jun-28 12:27:23,indir_juris_tcu_synonym,3,bm25,150,300,0,0,0,11.253,41.332,37.285,39.168,42.342,10.587,6.447,61.677,74.719,0.645,,MINILM_INDIR_400,
2023-Jun-28 12:29:03,indir_juris_tcu_synonym,4,bm25,150,300,0,0,0,11.167,41.483,38.52,40.551,43.248,10.467,6.173,61.321,72.004,0.656,,MINILM_INDIR_400,
2023-Jun-28 12:30:43,indir_juris_tcu_synonym,5,bm25,150,300,0,0,0,11.42,41.828,38.801,41.164,43.799,10.667,6.18,62.541,71.748,0.667,,MINILM_INDIR_400,
2023-Jun-28 12:32:25,indir_juris_tcu_synonym,6,bm25,150,300,0,0,0,11.027,40.967,38.834,41.594,44.456,10.827,6.293,63.509,73.631,0.672,,MINILM_INDIR_400,
2023-Jun-28 12:34:08,indir_juris_tcu_synonym,7,bm25,150,300,0,0,0,11.367,40.692,38.76,41.38,43.812,10.667,6.26,62.405,72.628,0.678,,MINILM_INDIR_400,
2023-Jun-28 12:35:51,indir_juris_tcu_synonym,8,bm25,150,300,0,0,1,9.638,41.401,38.665,41.4,43.64,10.587,6.207,62.531,72.466,0.683,,MINILM_INDIR_400,
2023-Jun-28 12:37:34,indir_juris_tcu_synonym,9,bm25,150,300,0,0,1,9.899,39.829,37.477,39.985,42.789,10.493,6.16,62.139,72.073,0.68,,MINILM_INDIR_400,
2023-Jun-28 12:39:08,indir_juris_tcu_synonym,TEXT,bm25,150,300,0,0,0,10.66,38.415,36.067,37.738,40.002,10.613,6.553,61.226,75.39,0.621,,MINILM_INDIR_400,
2023-Jun-28 12:40:42,indir_juris_tcu_synonym,1,sts,150,300,0,0,6,7.944,38.235,34.446,36.614,38.443,8.56,5.013,50.228,58.268,0.618,,MINILM_INDIR_400,
2023-Jun-28 12:42:27,indir_juris_tcu_synonym,10,sts,150,300,0,0,4,8.548,40.032,37.163,39.473,41.312,9.16,5.16,53.648,60.809,0.697,,MINILM_INDIR_400,
2023-Jun-28 12:44:03,indir_juris_tcu_synonym,2,sts,150,300,0,0,9,6.177,40.226,36.064,38.004,40.011,9.04,5.12,52.578,59.903,0.632,,MINILM_INDIR_400,
2023-Jun-28 12:45:41,indir_juris_tcu_synonym,3,sts,150,300,0,0,6,9.174,41.242,37.199,39.153,41.361,9.227,5.12,53.631,59.832,0.646,,MINILM_INDIR_400,
2023-Jun-28 12:47:20,indir_juris_tcu_synonym,4,sts,150,300,0,0,3,9.361,42.967,38.888,41.265,43.0,9.347,5.253,55.016,62.119,0.652,,MINILM_INDIR_400,
2023-Jun-28 12:49:01,indir_juris_tcu_synonym,5,sts,150,300,0,0,5,9.041,41.388,38.402,40.683,42.682,9.333,5.247,54.381,61.027,0.666,,MINILM_INDIR_400,
2023-Jun-28 12:50:42,indir_juris_tcu_synonym,6,sts,150,300,0,0,5,8.862,41.723,39.167,40.967,43.026,9.373,5.267,54.958,62.089,0.67,,MINILM_INDIR_400,
2023-Jun-28 12:52:25,indir_juris_tcu_synonym,7,sts,150,300,0,0,4,8.63,41.278,38.476,40.607,42.402,9.387,5.233,55.003,61.098,0.681,,MINILM_INDIR_400,
2023-Jun-28 12:54:10,indir_juris_tcu_synonym,8,sts,150,300,0,0,4,8.021,41.585,38.3,40.609,42.566,9.28,5.233,54.253,61.577,0.692,,MINILM_INDIR_400,
2023-Jun-28 12:55:56,indir_juris_tcu_synonym,9,sts,150,300,0,0,4,7.781,40.176,37.288,39.636,41.485,9.28,5.193,54.788,61.032,0.698,,MINILM_INDIR_400,
2023-Jun-28 12:57:27,indir_juris_tcu_synonym,TEXT,sts,150,300,0,0,3,7.673,40.21,35.418,37.657,39.594,8.96,5.12,52.261,59.477,0.604,,MINILM_INDIR_400,
2023-Jun-28 12:57:47,indir_juris_tcu_related_term,1,bm25,150,300,0,0,1,5.953,52.424,49.652,51.492,54.167,12.36,6.9,72.308,80.459,0.124,,none,
2023-Jun-28 12:58:07,indir_juris_tcu_related_term,10,bm25,150,300,0,0,2,12.52,40.288,38.309,41.096,43.782,10.48,6.147,62.744,72.234,0.127,,none,
2023-Jun-28 12:58:27,indir_juris_tcu_related_term,2,bm25,150,300,0,0,2,7.095,49.968,46.186,48.724,51.391,11.907,6.813,70.243,79.354,0.125,,none,
2023-Jun-28 12:58:46,indir_juris_tcu_related_term,3,bm25,150,300,0,0,1,11.054,48.573,45.287,47.907,50.281,11.387,6.567,67.362,76.792,0.125,,none,
2023-Jun-28 12:59:06,indir_juris_tcu_related_term,4,bm25,150,300,0,0,2,10.378,47.867,44.65,47.082,49.436,11.187,6.453,66.253,75.159,0.125,,none,
2023-Jun-28 12:59:26,indir_juris_tcu_related_term,5,bm25,150,300,0,0,2,13.115,45.086,42.381,45.001,47.403,10.907,6.3,64.824,73.566,0.125,,none,
2023-Jun-28 12:59:46,indir_juris_tcu_related_term,6,bm25,150,300,0,0,2,12.034,43.579,41.054,43.791,46.241,10.693,6.22,63.637,72.923,0.125,,none,
2023-Jun-28 13:00:06,indir_juris_tcu_related_term,7,bm25,150,300,0,0,2,11.095,42.875,40.841,43.723,46.041,10.707,6.26,63.679,73.485,0.126,,none,
2023-Jun-28 13:00:26,indir_juris_tcu_related_term,8,bm25,150,300,0,0,2,11.419,41.096,39.387,42.402,44.821,10.56,6.213,63.04,72.867,0.125,,none,
2023-Jun-28 13:00:46,indir_juris_tcu_related_term,9,bm25,150,300,0,0,2,11.466,40.475,38.537,41.345,43.921,10.52,6.193,62.938,72.685,0.126,,none,
2023-Jun-28 13:01:05,indir_juris_tcu_related_term,TEXT,bm25,150,300,0,0,0,4.187,54.735,51.054,53.283,56.303,12.573,7.093,73.56,82.393,0.123,,none,
2023-Jun-28 13:03:22,indir_juris_tcu_related_term,1,bm25,150,300,0,0,1,13.074,24.05,23.782,25.882,28.008,8.867,5.793,51.693,67.443,0.903,,MINILM_INDIR_400,
2023-Jun-28 13:05:46,indir_juris_tcu_related_term,10,bm25,150,300,0,0,2,12.926,28.864,26.922,29.222,31.461,8.88,5.647,52.6,66.291,0.952,,MINILM_INDIR_400,
2023-Jun-28 13:08:04,indir_juris_tcu_related_term,2,bm25,150,300,0,0,2,14.081,26.248,24.753,26.516,28.385,8.693,5.693,50.978,66.056,0.915,,MINILM_INDIR_400,
2023-Jun-28 13:10:24,indir_juris_tcu_related_term,3,bm25,150,300,0,0,1,14.993,27.51,25.575,28.242,30.312,8.907,5.753,52.684,66.824,0.923,,MINILM_INDIR_400,
2023-Jun-28 13:12:44,indir_juris_tcu_related_term,4,bm25,150,300,0,0,2,14.095,29.472,27.216,29.381,31.913,9.013,5.767,53.677,67.552,0.928,,MINILM_INDIR_400,
2023-Jun-28 13:15:06,indir_juris_tcu_related_term,5,bm25,150,300,0,0,2,13.209,30.501,28.441,30.75,33.176,8.72,5.627,52.154,65.831,0.934,,MINILM_INDIR_400,
2023-Jun-28 13:17:27,indir_juris_tcu_related_term,6,bm25,150,300,0,0,2,13.912,29.273,27.759,29.95,32.233,8.8,5.653,51.722,66.249,0.936,,MINILM_INDIR_400,
2023-Jun-28 13:19:49,indir_juris_tcu_related_term,7,bm25,150,300,0,0,2,12.932,28.23,26.816,29.35,31.515,8.84,5.627,52.814,66.11,0.941,,MINILM_INDIR_400,
2023-Jun-28 13:22:13,indir_juris_tcu_related_term,8,bm25,150,300,0,0,2,12.432,28.93,26.79,29.19,31.73,8.973,5.62,53.722,65.932,0.949,,MINILM_INDIR_400,
2023-Jun-28 13:24:37,indir_juris_tcu_related_term,9,bm25,150,300,0,0,2,12.257,28.952,27.172,29.191,31.521,8.867,5.62,53.065,65.972,0.95,,MINILM_INDIR_400,
2023-Jun-28 13:26:54,indir_juris_tcu_related_term,TEXT,bm25,150,300,0,0,0,11.94,22.381,23.143,24.975,27.045,9.147,5.953,53.745,69.059,0.906,,MINILM_INDIR_400,
2023-Jun-28 13:29:10,indir_juris_tcu_related_term,1,sts,150,300,0,0,11,8.755,24.52,23.351,25.06,26.99,7.4,4.5,43.512,52.57,0.899,,MINILM_INDIR_400,
2023-Jun-28 13:31:33,indir_juris_tcu_related_term,10,sts,150,300,0,0,8,7.613,31.254,29.957,32.103,33.989,8.253,4.713,48.625,56.319,0.946,,MINILM_INDIR_400,
2023-Jun-28 13:33:50,indir_juris_tcu_related_term,2,sts,150,300,0,0,11,10.561,25.684,25.004,27.009,28.726,8.053,4.7,46.799,54.274,0.907,,MINILM_INDIR_400,
2023-Jun-28 13:36:08,indir_juris_tcu_related_term,3,sts,150,300,0,0,8,8.359,30.035,28.298,30.358,31.918,8.173,4.847,48.247,56.26,0.912,,MINILM_INDIR_400,
2023-Jun-28 13:38:27,indir_juris_tcu_related_term,4,sts,150,300,0,0,8,9.246,31.407,29.203,31.217,32.986,8.213,4.773,48.533,55.791,0.919,,MINILM_INDIR_400,
2023-Jun-28 13:40:48,indir_juris_tcu_related_term,5,sts,150,300,0,0,7,8.133,33.373,30.719,32.77,34.568,8.147,4.707,47.987,54.909,0.931,,MINILM_INDIR_400,
2023-Jun-28 13:43:10,indir_juris_tcu_related_term,6,sts,150,300,0,0,8,9.535,31.902,30.059,32.277,33.948,8.147,4.653,48.665,54.996,0.935,,MINILM_INDIR_400,
2023-Jun-28 13:45:32,indir_juris_tcu_related_term,7,sts,150,300,0,0,7,7.524,31.407,29.841,32.495,34.37,8.373,4.74,49.681,55.96,0.938,,MINILM_INDIR_400,
2023-Jun-28 13:47:55,indir_juris_tcu_related_term,8,sts,150,300,0,0,8,7.585,31.044,29.968,32.363,34.222,8.347,4.787,48.911,56.927,0.944,,MINILM_INDIR_400,
2023-Jun-28 13:50:18,indir_juris_tcu_related_term,9,sts,150,300,0,0,7,7.853,31.082,29.929,32.232,34.057,8.293,4.773,48.781,56.891,0.944,,MINILM_INDIR_400,
2023-Jun-28 13:52:33,indir_juris_tcu_related_term,TEXT,sts,150,300,0,0,8,11.155,23.168,22.387,24.446,26.683,7.147,4.467,42.028,51.945,0.892,,MINILM_INDIR_400,
2023-Jun-28 13:52:53,indir_juris_tcu_synonym_related_term,1,bm25,150,300,0,0,1,5.779,51.802,48.946,51.288,53.922,12.467,6.913,72.786,80.505,0.126,,none,
2023-Jun-28 13:53:14,indir_juris_tcu_synonym_related_term,10,bm25,150,300,0,0,3,11.293,41.04,38.758,42.135,44.66,10.893,6.167,64.919,72.565,0.127,,none,
2023-Jun-28 13:53:34,indir_juris_tcu_synonym_related_term,2,bm25,150,300,0,0,2,7.689,50.95,47.094,49.466,52.327,12.093,6.767,71.245,78.999,0.125,,none,
2023-Jun-28 13:53:54,indir_juris_tcu_synonym_related_term,3,bm25,150,300,0,0,1,11.523,49.864,46.462,48.691,51.592,11.733,6.567,69.456,76.941,0.126,,none,
2023-Jun-28 13:54:14,indir_juris_tcu_synonym_related_term,4,bm25,150,300,0,0,1,12.557,48.053,44.952,47.259,50.032,11.32,6.447,66.905,75.347,0.125,,none,
2023-Jun-28 13:54:34,indir_juris_tcu_synonym_related_term,5,bm25,150,300,0,0,2,12.601,44.705,42.527,45.324,47.362,11.04,6.293,65.317,73.86,0.126,,none,
2023-Jun-28 13:54:55,indir_juris_tcu_synonym_related_term,6,bm25,150,300,0,0,2,11.547,42.811,41.154,44.009,46.748,10.96,6.22,65.223,72.997,0.127,,none,
2023-Jun-28 13:55:15,indir_juris_tcu_synonym_related_term,7,bm25,150,300,0,0,2,11.655,43.432,41.027,44.212,46.656,10.973,6.22,65.27,73.162,0.127,,none,
2023-Jun-28 13:55:36,indir_juris_tcu_synonym_related_term,8,bm25,150,300,0,0,2,11.493,42.103,39.925,43.038,45.729,10.933,6.187,65.022,72.712,0.127,,none,
2023-Jun-28 13:55:56,indir_juris_tcu_synonym_related_term,9,bm25,150,300,0,0,2,11.5,41.12,39.12,42.234,44.839,10.933,6.18,65.052,72.61,0.127,,none,
2023-Jun-28 13:56:17,indir_juris_tcu_synonym_related_term,TEXT,bm25,150,300,0,0,0,3.42,55.498,52.204,54.757,57.39,12.907,7.113,74.97,82.595,0.125,,none,
2023-Jun-28 13:58:49,indir_juris_tcu_synonym_related_term,1,bm25,150,300,0,0,1,16.349,21.504,20.435,22.507,24.627,7.68,5.473,45.209,63.744,1.01,,MINILM_INDIR_400,
2023-Jun-28 14:01:29,indir_juris_tcu_synonym_related_term,10,bm25,150,300,0,0,3,15.027,29.326,26.405,27.923,30.116,8.067,5.36,47.402,62.923,1.059,,MINILM_INDIR_400,
2023-Jun-28 14:04:04,indir_juris_tcu_synonym_related_term,2,bm25,150,300,0,0,2,16.973,24.34,22.658,24.28,26.229,7.76,5.273,45.614,61.977,1.02,,MINILM_INDIR_400,
2023-Jun-28 14:06:40,indir_juris_tcu_synonym_related_term,3,bm25,150,300,0,0,1,16.852,25.597,24.332,26.238,28.202,8.267,5.32,48.515,62.439,1.028,,MINILM_INDIR_400,
2023-Jun-28 14:09:16,indir_juris_tcu_synonym_related_term,4,bm25,150,300,0,0,1,15.725,27.434,25.703,27.707,29.66,8.267,5.48,48.317,64.524,1.036,,MINILM_INDIR_400,
2023-Jun-28 14:11:54,indir_juris_tcu_synonym_related_term,5,bm25,150,300,0,0,2,16.635,28.84,26.277,28.288,30.175,8.293,5.38,49.008,63.657,1.043,,MINILM_INDIR_400,
2023-Jun-28 14:14:33,indir_juris_tcu_synonym_related_term,6,bm25,150,300,0,0,2,16.574,29.392,27.109,28.824,31.06,8.227,5.32,48.721,62.104,1.047,,MINILM_INDIR_400,
2023-Jun-28 14:17:12,indir_juris_tcu_synonym_related_term,7,bm25,150,300,0,0,2,15.304,29.467,26.904,28.607,30.746,8.213,5.313,48.717,62.321,1.051,,MINILM_INDIR_400,
2023-Jun-28 14:19:52,indir_juris_tcu_synonym_related_term,8,bm25,150,300,0,0,2,14.662,29.361,26.39,27.998,30.272,8.187,5.327,47.873,62.434,1.055,,MINILM_INDIR_400,
2023-Jun-28 14:22:32,indir_juris_tcu_synonym_related_term,9,bm25,150,300,0,0,2,15.257,29.17,26.495,27.838,29.933,8.04,5.347,47.261,62.714,1.058,,MINILM_INDIR_400,
2023-Jun-28 14:25:05,indir_juris_tcu_synonym_related_term,TEXT,bm25,150,300,0,0,0,13.367,19.506,19.313,21.661,24.058,8.187,5.76,48.587,67.164,1.01,,MINILM_INDIR_400,
2023-Jun-28 14:27:36,indir_juris_tcu_synonym_related_term,1,sts,150,300,0,0,11,13.597,21.331,20.389,22.102,23.615,6.573,4.253,39.08,49.91,0.996,,MINILM_INDIR_400,
2023-Jun-28 14:30:15,indir_juris_tcu_synonym_related_term,10,sts,150,300,0,0,11,9.475,30.671,27.91,30.158,32.174,7.8,4.513,46.195,54.007,1.047,,MINILM_INDIR_400,
2023-Jun-28 14:32:48,indir_juris_tcu_synonym_related_term,2,sts,150,300,0,0,12,11.449,24.055,22.563,24.516,26.357,7.267,4.4,43.437,52.385,1.007,,MINILM_INDIR_400,
2023-Jun-28 14:35:22,indir_juris_tcu_synonym_related_term,3,sts,150,300,0,0,12,10.435,25.308,24.539,26.319,28.291,7.52,4.42,44.852,53.04,1.015,,MINILM_INDIR_400,
2023-Jun-28 14:37:57,indir_juris_tcu_synonym_related_term,4,sts,150,300,0,0,12,10.217,27.693,25.757,28.08,30.026,7.68,4.56,46.341,55.108,1.023,,MINILM_INDIR_400,
2023-Jun-28 14:40:33,indir_juris_tcu_synonym_related_term,5,sts,150,300,0,0,11,9.647,29.288,27.102,29.975,31.973,7.933,4.56,47.451,54.39,1.031,,MINILM_INDIR_400,
2023-Jun-28 14:43:10,indir_juris_tcu_synonym_related_term,6,sts,150,300,0,0,9,12.177,30.55,28.297,30.336,32.494,7.853,4.533,46.763,54.456,1.035,,MINILM_INDIR_400,
2023-Jun-28 14:45:48,indir_juris_tcu_synonym_related_term,7,sts,150,300,0,0,12,10.819,30.577,28.19,30.431,31.941,7.813,4.52,46.611,53.623,1.041,,MINILM_INDIR_400,
2023-Jun-28 14:48:27,indir_juris_tcu_synonym_related_term,8,sts,150,300,0,0,11,9.871,31.189,28.463,30.825,32.72,7.973,4.587,47.174,54.828,1.045,,MINILM_INDIR_400,
2023-Jun-28 14:51:06,indir_juris_tcu_synonym_related_term,9,sts,150,300,0,0,10,9.679,30.121,27.811,30.089,32.095,7.84,4.527,46.383,54.113,1.047,,MINILM_INDIR_400,
2023-Jun-28 14:53:35,indir_juris_tcu_synonym_related_term,TEXT,sts,150,300,0,0,11,14.338,19.627,18.901,20.619,21.973,6.48,4.047,38.109,47.301,0.984,,MINILM_INDIR_400,
2023-Jun-28 17:05:16,indir_juris_tcu,1,join,150,300,0,0,0,4.54,46.697,43.747,46.538,48.743,12.24,7.013,70.178,81.37,0.444,,MINILM_INDIR_400,
2023-Jun-28 17:06:35,indir_juris_tcu,10,join,150,300,0,0,1,3.711,51.804,48.376,50.98,53.627,12.44,6.907,72.865,80.539,0.517,,MINILM_INDIR_400,
2023-Jun-28 17:07:45,indir_juris_tcu,2,join,150,300,0,0,0,4.433,47.636,44.962,47.054,49.88,12.493,7.027,72.422,81.555,0.452,,MINILM_INDIR_400,
2023-Jun-28 17:08:57,indir_juris_tcu,3,join,150,300,0,0,0,4.653,47.019,44.435,46.521,49.096,12.107,6.873,70.541,79.75,0.47,,MINILM_INDIR_400,
2023-Jun-28 17:10:10,indir_juris_tcu,4,join,150,300,0,0,0,4.52,48.154,45.427,47.753,50.203,12.213,6.973,71.773,81.063,0.475,,MINILM_INDIR_400,
2023-Jun-28 17:11:25,indir_juris_tcu,5,join,150,300,0,0,0,4.173,50.238,46.724,49.406,51.766,12.44,7.053,73.047,82.168,0.486,,MINILM_INDIR_400,
2023-Jun-28 17:12:41,indir_juris_tcu,6,join,150,300,0,0,0,4.713,49.285,46.826,49.207,52.164,12.707,7.107,73.849,82.507,0.497,,MINILM_INDIR_400,
2023-Jun-28 17:13:58,indir_juris_tcu,7,join,150,300,0,0,0,4.967,50.664,47.373,50.327,53.147,12.573,7.087,73.418,82.142,0.501,,MINILM_INDIR_400,
2023-Jun-28 17:15:16,indir_juris_tcu,8,join,150,300,0,0,1,4.094,51.691,48.345,51.05,53.579,12.493,6.96,73.023,80.322,0.509,,MINILM_INDIR_400,
2023-Jun-28 17:16:35,indir_juris_tcu,9,join,150,300,0,0,1,3.987,51.638,48.357,50.86,53.588,12.48,6.933,73.03,80.756,0.512,,MINILM_INDIR_400,
2023-Jun-28 17:17:42,indir_juris_tcu,TEXT,join,150,300,0,0,0,3.587,46.359,44.504,47.482,50.301,12.787,7.373,72.871,85.409,0.432,,MINILM_INDIR_400,
2023-Jun-28 17:18:54,indir_juris_tcu_term,1,join,150,300,0,0,0,3.44,52.046,48.597,51.871,54.117,12.987,7.447,75.469,86.578,0.469,,MINILM_INDIR_400,
2023-Jun-28 17:20:13,indir_juris_tcu_term,10,join,150,300,0,0,0,4.393,52.331,48.798,51.946,54.367,12.6,7.167,74.014,83.665,0.515,,MINILM_INDIR_400,
2023-Jun-28 17:21:26,indir_juris_tcu_term,2,join,150,300,0,0,0,3.52,53.315,49.484,52.407,54.93,13.227,7.467,76.903,86.217,0.472,,MINILM_INDIR_400,
2023-Jun-28 17:22:41,indir_juris_tcu_term,3,join,150,300,0,0,0,4.0,52.043,49.077,52.105,54.164,12.813,7.353,74.297,85.673,0.486,,MINILM_INDIR_400,
2023-Jun-28 17:23:55,indir_juris_tcu_term,4,join,150,300,0,0,0,3.907,52.996,49.865,52.682,54.88,12.867,7.387,75.324,85.753,0.486,,MINILM_INDIR_400,
2023-Jun-28 17:25:12,indir_juris_tcu_term,5,join,150,300,0,0,0,3.88,53.291,49.425,52.395,55.078,12.92,7.353,75.923,85.363,0.495,,MINILM_INDIR_400,
2023-Jun-28 17:26:28,indir_juris_tcu_term,6,join,150,300,0,0,0,3.793,53.56,49.422,52.191,54.887,13.067,7.32,76.846,85.209,0.5,,MINILM_INDIR_400,
2023-Jun-28 17:27:46,indir_juris_tcu_term,7,join,150,300,0,0,0,4.28,52.815,49.338,52.065,54.41,12.8,7.233,75.014,84.388,0.506,,MINILM_INDIR_400,
2023-Jun-28 17:29:05,indir_juris_tcu_term,8,join,150,300,0,0,0,4.493,52.741,49.095,52.0,54.135,12.707,7.187,74.604,83.844,0.512,,MINILM_INDIR_400,
2023-Jun-28 17:30:25,indir_juris_tcu_term,9,join,150,300,0,0,0,4.42,52.072,48.672,51.897,54.212,12.627,7.16,74.177,83.608,0.518,,MINILM_INDIR_400,
2023-Jun-28 17:31:37,indir_juris_tcu_term,TEXT,join,150,300,0,0,0,3.153,51.283,49.168,51.722,54.814,13.427,7.573,77.778,87.915,0.466,,MINILM_INDIR_400,
2023-Jun-28 17:33:08,indir_juris_tcu_synonym,1,join,150,300,0,0,0,8.26,37.611,34.931,37.258,39.702,10.627,6.667,62.069,76.74,0.598,,MINILM_INDIR_400,
2023-Jun-28 17:34:47,indir_juris_tcu_synonym,10,join,150,300,0,0,1,9.423,39.733,37.458,40.371,42.918,10.653,6.34,63.217,73.975,0.649,,MINILM_INDIR_400,
2023-Jun-28 17:36:19,indir_juris_tcu_synonym,2,join,150,300,0,0,0,8.547,39.926,36.909,39.221,41.802,10.627,6.593,62.168,76.576,0.597,,MINILM_INDIR_400,
2023-Jun-28 17:37:52,indir_juris_tcu_synonym,3,join,150,300,0,0,0,9.527,41.591,37.602,39.869,42.932,10.587,6.493,62.056,75.512,0.61,,MINILM_INDIR_400,
2023-Jun-28 17:39:28,indir_juris_tcu_synonym,4,join,150,300,0,0,0,10.113,42.31,39.062,40.821,44.208,10.587,6.373,61.991,74.658,0.625,,MINILM_INDIR_400,
2023-Jun-28 17:41:04,indir_juris_tcu_synonym,5,join,150,300,0,0,0,10.773,42.28,38.942,41.676,44.53,10.733,6.373,63.06,74.154,0.631,,MINILM_INDIR_400,
2023-Jun-28 17:42:40,indir_juris_tcu_synonym,6,join,150,300,0,0,1,9.275,41.431,39.191,42.109,44.801,10.973,6.46,64.673,75.619,0.627,,MINILM_INDIR_400,
2023-Jun-28 17:44:19,indir_juris_tcu_synonym,7,join,150,300,0,0,0,10.213,40.866,38.781,41.737,44.123,10.72,6.347,63.0,73.673,0.642,,MINILM_INDIR_400,
2023-Jun-28 17:45:58,indir_juris_tcu_synonym,8,join,150,300,0,0,1,9.087,41.178,38.48,41.472,43.824,10.627,6.327,62.372,73.772,0.652,,MINILM_INDIR_400,
2023-Jun-28 17:47:37,indir_juris_tcu_synonym,9,join,150,300,0,0,1,8.732,39.9,37.546,40.525,43.158,10.68,6.36,63.192,74.098,0.649,,MINILM_INDIR_400,
2023-Jun-28 17:49:10,indir_juris_tcu_synonym,TEXT,join,150,300,0,0,0,7.76,39.445,36.893,38.884,41.316,10.987,6.8,64.079,78.477,0.605,,MINILM_INDIR_400,
2023-Jun-28 17:51:20,indir_juris_tcu_related_term,1,join,150,300,0,0,1,12.188,24.777,24.482,26.659,28.711,9.333,6.133,54.769,71.879,0.857,,MINILM_INDIR_400,
2023-Jun-28 17:53:35,indir_juris_tcu_related_term,10,join,150,300,0,0,2,12.318,28.785,26.879,29.456,31.621,9.253,5.82,54.73,68.191,0.885,,MINILM_INDIR_400,
2023-Jun-28 17:55:45,indir_juris_tcu_related_term,2,join,150,300,0,0,2,12.351,27.53,25.636,27.308,29.751,9.293,6.033,54.506,70.256,0.853,,MINILM_INDIR_400,
2023-Jun-28 17:57:56,indir_juris_tcu_related_term,3,join,150,300,0,0,1,12.208,27.719,26.319,29.048,31.371,9.293,5.96,55.184,69.494,0.862,,MINILM_INDIR_400,
2023-Jun-28 18:00:07,indir_juris_tcu_related_term,4,join,150,300,0,0,2,12.128,29.156,27.378,29.708,32.316,9.413,5.993,55.81,70.159,0.863,,MINILM_INDIR_400,
2023-Jun-28 18:02:20,indir_juris_tcu_related_term,5,join,150,300,0,0,3,10.707,30.601,28.84,31.017,33.629,9.227,5.913,55.109,69.261,0.872,,MINILM_INDIR_400,
2023-Jun-28 18:04:34,indir_juris_tcu_related_term,6,join,150,300,0,0,2,12.372,28.808,27.918,29.793,32.376,9.133,5.88,54.724,68.843,0.881,,MINILM_INDIR_400,
2023-Jun-28 18:06:49,indir_juris_tcu_related_term,7,join,150,300,0,0,2,11.23,28.239,27.332,29.398,32.003,9.187,5.873,54.914,68.622,0.888,,MINILM_INDIR_400,
2023-Jun-28 18:09:04,indir_juris_tcu_related_term,8,join,150,300,0,0,1,12.047,28.97,26.969,29.404,31.95,9.333,5.873,55.905,68.586,0.887,,MINILM_INDIR_400,
2023-Jun-28 18:11:20,indir_juris_tcu_related_term,9,join,150,300,0,0,1,11.933,29.135,27.275,29.551,31.893,9.293,5.827,55.606,68.213,0.888,,MINILM_INDIR_400,
2023-Jun-28 18:13:29,indir_juris_tcu_related_term,TEXT,join,150,300,0,0,0,10.96,23.042,23.805,26.313,28.71,9.173,6.2,53.192,72.062,0.848,,MINILM_INDIR_400,
2023-Jun-28 18:15:50,indir_juris_tcu_synonym_related_term,1,join,150,300,0,0,1,14.101,21.702,21.086,23.349,25.521,8.267,5.873,49.099,68.761,0.929,,MINILM_INDIR_400,
2023-Jun-28 18:18:17,indir_juris_tcu_synonym_related_term,10,join,150,300,0,0,2,13.5,29.343,26.743,28.18,30.435,8.547,5.713,50.915,67.268,0.968,,MINILM_INDIR_400,
2023-Jun-28 18:20:39,indir_juris_tcu_synonym_related_term,2,join,150,300,0,0,2,14.25,25.427,23.143,25.186,26.907,8.427,5.693,50.24,67.318,0.935,,MINILM_INDIR_400,
2023-Jun-28 18:23:01,indir_juris_tcu_synonym_related_term,3,join,150,300,0,0,1,14.275,26.029,24.679,26.885,29.023,8.707,5.78,51.427,68.173,0.939,,MINILM_INDIR_400,
2023-Jun-28 18:25:26,indir_juris_tcu_synonym_related_term,4,join,150,300,0,0,2,11.845,27.577,25.937,27.805,29.979,8.707,5.813,51.268,68.591,0.951,,MINILM_INDIR_400,
2023-Jun-28 18:27:51,indir_juris_tcu_synonym_related_term,5,join,150,300,0,0,2,12.601,28.702,26.266,28.299,30.429,8.64,5.693,51.682,67.328,0.956,,MINILM_INDIR_400,
2023-Jun-28 18:30:18,indir_juris_tcu_synonym_related_term,6,join,150,300,0,0,2,12.912,28.917,26.828,28.606,30.849,8.667,5.667,51.854,66.384,0.965,,MINILM_INDIR_400,
2023-Jun-28 18:32:45,indir_juris_tcu_synonym_related_term,7,join,150,300,0,0,2,12.331,29.622,27.355,29.012,31.508,8.8,5.68,52.882,66.731,0.969,,MINILM_INDIR_400,
2023-Jun-28 18:35:13,indir_juris_tcu_synonym_related_term,8,join,150,300,0,0,1,13.396,29.487,27.012,28.615,30.966,8.72,5.653,51.874,66.515,0.972,,MINILM_INDIR_400,
2023-Jun-28 18:37:42,indir_juris_tcu_synonym_related_term,9,join,150,300,0,0,1,13.544,29.093,26.831,28.155,30.341,8.533,5.713,51.405,67.792,0.978,,MINILM_INDIR_400,
2023-Jun-28 18:40:05,indir_juris_tcu_synonym_related_term,TEXT,join,150,300,0,0,0,11.713,20.613,20.808,22.821,25.408,8.6,5.993,51.011,69.974,0.937,,MINILM_INDIR_400,
2023-Jun-28 20:27:12,indir_juris_tcu,1,bm25,150,300,0,0,1,1.577,67.617,62.691,66.16,69.095,14.4,7.58,84.134,88.212,0.919,,PTT5_INDIR_83,join_30_ptt5_indir
2023-Jun-28 20:29:58,indir_juris_tcu,10,bm25,150,300,0,0,0,1.733,64.612,59.627,62.644,65.607,13.733,7.32,80.457,85.552,1.093,,PTT5_INDIR_83,join_30_ptt5_indir
2023-Jun-28 20:32:23,indir_juris_tcu,2,bm25,150,300,0,0,0,1.68,66.236,60.85,64.203,67.211,14.147,7.453,83.069,87.207,0.954,,PTT5_INDIR_83,join_30_ptt5_indir
2023-Jun-28 20:34:52,indir_juris_tcu,3,bm25,150,300,0,0,0,1.7,65.371,60.989,63.594,66.498,14.027,7.413,82.524,86.679,0.982,,PTT5_INDIR_83,join_30_ptt5_indir
2023-Jun-28 20:37:25,indir_juris_tcu,4,bm25,150,300,0,0,0,1.653,65.202,60.844,63.563,65.846,14.107,7.453,82.389,86.504,1.003,,PTT5_INDIR_83,join_30_ptt5_indir
2023-Jun-28 20:40:01,indir_juris_tcu,5,bm25,150,300,0,0,1,1.678,64.524,59.71,63.188,65.417,13.907,7.38,81.115,86.029,1.026,,PTT5_INDIR_83,join_30_ptt5_indir
2023-Jun-28 20:42:39,indir_juris_tcu,6,bm25,150,300,0,0,0,1.593,63.757,59.62,62.12,65.284,13.747,7.24,80.105,84.426,1.043,,PTT5_INDIR_83,join_30_ptt5_indir
2023-Jun-28 20:45:22,indir_juris_tcu,7,bm25,150,300,0,0,1,1.812,63.786,59.759,62.472,65.144,13.787,7.293,80.641,85.203,1.069,,PTT5_INDIR_83,join_30_ptt5_indir
2023-Jun-28 20:48:06,indir_juris_tcu,8,bm25,150,300,0,0,0,1.833,64.141,59.738,62.713,65.492,13.853,7.333,81.082,85.703,1.083,,PTT5_INDIR_83,join_30_ptt5_indir
2023-Jun-28 20:50:53,indir_juris_tcu,9,bm25,150,300,0,0,0,1.72,64.552,59.741,62.839,65.758,13.773,7.347,80.645,85.812,1.095,,PTT5_INDIR_83,join_30_ptt5_indir
2023-Jun-28 20:53:07,indir_juris_tcu,TEXT,bm25,150,300,0,0,0,1.22,71.636,67.377,70.425,73.013,15.173,7.833,88.377,91.108,0.881,,PTT5_INDIR_83,
2023-Jun-28 20:55:47,indir_juris_tcu_term,1,bm25,150,300,0,0,0,2.167,63.984,60.213,63.686,66.139,14.413,7.753,84.24,90.147,1.054,,PTT5_INDIR_83,join_30_ptt5_indir
2023-Jun-28 20:58:55,indir_juris_tcu_term,10,bm25,150,300,0,0,0,2.24,61.288,56.704,59.481,61.852,13.987,7.547,82.224,88.184,1.237,,PTT5_INDIR_83,join_30_ptt5_indir
2023-Jun-28 21:01:40,indir_juris_tcu_term,2,bm25,150,300,0,0,0,2.107,63.585,59.331,62.212,64.876,14.16,7.567,83.395,88.728,1.087,,PTT5_INDIR_83,join_30_ptt5_indir
2023-Jun-28 21:04:29,indir_juris_tcu_term,3,bm25,150,300,0,0,0,2.093,62.675,57.796,61.535,64.05,14.0,7.547,82.306,88.413,1.111,,PTT5_INDIR_83,join_30_ptt5_indir
2023-Jun-28 21:07:21,indir_juris_tcu_term,4,bm25,150,300,0,0,0,2.02,62.199,57.418,60.699,63.836,14.0,7.473,82.45,87.64,1.133,,PTT5_INDIR_83,join_30_ptt5_indir
2023-Jun-28 21:10:17,indir_juris_tcu_term,5,bm25,150,300,0,0,1,2.181,60.483,56.305,59.128,62.349,13.84,7.493,81.339,87.929,1.157,,PTT5_INDIR_83,join_30_ptt5_indir
2023-Jun-28 21:13:17,indir_juris_tcu_term,6,bm25,150,300,0,0,0,1.98,60.526,56.451,59.359,62.437,13.96,7.507,82.037,87.762,1.184,,PTT5_INDIR_83,join_30_ptt5_indir
2023-Jun-28 21:16:20,indir_juris_tcu_term,7,bm25,150,300,0,0,0,2.013,60.919,56.815,59.688,62.163,13.893,7.527,81.625,87.908,1.208,,PTT5_INDIR_83,join_30_ptt5_indir
2023-Jun-28 21:19:26,indir_juris_tcu_term,8,bm25,150,300,0,0,0,2.027,61.613,57.228,59.973,62.626,13.973,7.513,82.128,87.827,1.225,,PTT5_INDIR_83,join_30_ptt5_indir
2023-Jun-28 21:22:34,indir_juris_tcu_term,9,bm25,150,300,0,0,0,2.227,61.27,56.758,59.423,62.015,14.0,7.527,82.285,87.989,1.236,,PTT5_INDIR_83,join_30_ptt5_indir
2023-Jun-28 21:25:11,indir_juris_tcu_term,TEXT,bm25,150,300,0,0,0,1.413,67.473,64.212,67.684,70.266,15.28,7.94,88.869,92.176,1.035,,PTT5_INDIR_83,
2023-Jun-28 21:29:07,indir_juris_tcu_synonym,1,bm25,150,300,0,0,0,3.1,55.303,52.403,56.076,58.833,13.4,7.407,78.632,86.542,1.56,,PTT5_INDIR_83,join_30_ptt5_indir
2023-Jun-28 21:33:50,indir_juris_tcu_synonym,10,bm25,150,300,0,0,0,3.673,53.952,50.301,53.049,56.263,12.667,7.0,74.015,82.438,1.874,,PTT5_INDIR_83,join_30_ptt5_indir
2023-Jun-28 21:37:58,indir_juris_tcu_synonym,2,bm25,150,300,0,0,0,3.04,54.398,51.622,54.756,57.636,13.16,7.24,77.838,85.064,1.638,,PTT5_INDIR_83,join_30_ptt5_indir
2023-Jun-28 21:42:08,indir_juris_tcu_synonym,3,bm25,150,300,0,0,0,3.4,53.797,50.836,54.131,56.931,13.027,7.173,76.643,84.346,1.648,,PTT5_INDIR_83,join_30_ptt5_indir
2023-Jun-28 21:46:22,indir_juris_tcu_synonym,4,bm25,150,300,0,0,0,4.107,53.512,50.774,53.904,56.417,12.947,7.167,76.132,84.286,1.679,,PTT5_INDIR_83,join_30_ptt5_indir
